PLANET ID,PLANET SIZE,PRIMARY BIOME,DISTANCE FROM STAR,HABITABLE
0,7,Toxic,0.54,False
1,9,Lava,0.45,False
2,8,Temperate,0.91,True
3,9,Desert,0.63,False
4,2,Barren,1.82,False
5,7,Temperate,0.97,True
6,10,Barren,0.85,False
7,10,Archipelago,1.16,True
8,8,Barren,1.58,False
9,3,Barren,1.58,False
10,10,Barren,1.77,False
11,8,Barren,1.6,False
12,8,Barren,0.37,False
13,3,Lava,0.43,False
14,6,Lava,0.56,False
15,7,Barren,1.17,False
16,10,Barren,1.74,False
17,3,Lava,0.55,False
18,10,Barren,1.67,False
19,2,Barren,1.24,False
20,9,Jungle,0.86,True
21,6,Tundra,1.34,True
22,10,Barren,0.71,False
23,7,Toxic,0.66,False
24,3,Toxic,0.65,False
25,10,Toxic,0.46,False
26,8,Barren,1.62,False
27,4,Barren,1.72,False
28,8,Desert,0.76,False
29,7,Lava,0.35,False
30,5,Barren,1.88,False
31,6,Tundra,1.19,True
32,7,Barren,1.51,False
33,7,Forest,0.81,True
34,5,Craig,0.56,False
35,6,Barren,1.43,False
36,8,Toxic,0.8,False
37,10,Barren,1.23,False
38,7,Barren,1.43,False
39,4,Barren,1.34,False
40,6,Barren,1.93,False
41,10,Arctic,1.97,False
42,1,Temperate,0.91,True
43,4,Barren,1.0,False
44,4,Craig,0.8,False
45,5,Craig,0.69,False
46,9,Barren,1.93,False
47,10,Ocean,1.03,True
48,10,Barren,1.86,False
49,8,Toxic,0.47,False
50,4,Arctic,1.55,False
51,2,Arctic,1.5,False
52,4,Barren,1.12,False
53,4,Arctic,1.24,False
54,7,Lava,0.35,False
55,4,Arctic,1.22,False
56,5,Tundra,1.15,True
57,6,Barren,1.71,False
58,4,Forest,1.01,True
59,7,Barren,1.35,False
60,5,Ocean,1.12,True
61,3,Barren,0.92,False
62,2,Arctic,1.62,True
63,2,Barren,1.45,False
64,3,Craig,0.75,True
65,8,Barren,1.45,False
66,3,Lava,0.56,False
67,5,Barren,1.98,False
68,1,Ocean,1.09,True
69,1,Barren,1.68,False
70,8,Archipelago,0.92,True
71,8,Arctic,1.77,False
72,9,Toxic,0.74,True
73,8,Toxic,0.71,False
74,4,Barren,1.83,False
75,9,Barren,1.45,False
76,7,Barren,1.41,False
77,9,Barren,1.52,False
78,10,Forest,1.02,True
79,9,Arctic,1.59,False
80,6,Tundra,1.4,True
81,4,Toxic,0.61,False
82,5,Lava,0.69,False
83,3,Barren,1.44,False
84,3,Lava,0.39,False
85,10,Desert,0.78,False
86,3,Ocean,1.02,True
87,3,Jungle,1.06,True
88,7,Barren,1.81,False
89,1,Desert,1.04,False
90,5,Craig,0.58,False
91,9,Arctic,1.11,False
92,9,Tundra,1.2,True
93,8,Arctic,1.48,False
94,7,Archipelago,1.12,True
95,2,Barren,1.78,False
96,8,Barren,1.79,False
97,9,Arctic,1.45,False
98,1,Barren,1.76,False
99,7,Barren,0.85,False
100,6,Barren,1.21,False
101,5,Barren,1.53,False
102,5,Barren,1.78,False
103,1,Craig,0.31,False
104,8,Barren,1.22,False
105,8,Barren,1.89,False
106,5,Barren,0.78,False
107,4,Barren,0.32,False
108,6,Arctic,1.68,False
109,3,Ocean,1.18,True
110,4,Arctic,1.29,False
111,9,Barren,1.78,False
112,5,Craig,0.43,True
113,3,Barren,1.31,False
114,9,Toxic,0.83,False
115,1,Craig,0.46,False
116,2,Barren,0.63,False
117,5,Barren,1.72,False
118,7,Toxic,0.35,False
119,9,Barren,1.38,False
120,2,Tundra,1.36,True
121,9,Forest,1.15,True
122,4,Jungle,1.04,True
123,10,Craig,0.39,True
124,2,Barren,1.11,False
125,6,Lava,0.6,False
126,10,Barren,1.73,False
127,5,Craig,1.36,False
128,5,Barren,1.72,False
129,6,Desert,0.89,False
130,8,Barren,1.71,False
131,1,Barren,1.66,False
132,2,Desert,0.78,False
133,10,Barren,0.55,False
134,3,Barren,1.08,False
135,5,Lava,0.73,False
136,4,Craig,1.27,False
137,3,Desert,0.61,False
138,2,Barren,1.32,False
139,10,Arctic,1.51,False
140,7,Barren,1.69,False
141,1,Barren,1.58,False
142,1,Arctic,1.52,False
143,1,Desert,0.72,True
144,5,Forest,1.2,True
145,10,Lava,0.45,False
146,7,Arctic,1.66,False
147,8,Barren,1.33,False
148,3,Archipelago,1.0,True
149,4,Toxic,0.3,False
150,5,Lava,0.54,False
151,3,Craig,0.72,False
152,4,Jungle,0.87,True
153,10,Barren,1.65,False
154,1,Barren,0.82,False
155,7,Barren,1.49,False
156,5,Barren,0.42,False
157,5,Barren,1.81,False
158,5,Barren,1.74,False
159,2,Desert,0.81,False
160,2,Barren,1.57,False
161,2,Arctic,1.45,False
162,8,Temperate,0.89,True
163,1,Toxic,0.85,False
164,4,Lava,0.49,False
165,3,Arctic,1.93,True
166,5,Toxic,0.75,False
167,7,Arctic,1.15,True
168,4,Ocean,1.0,True
169,8,Tundra,1.2,True
170,5,Lava,0.56,False
171,6,Barren,1.36,False
172,6,Tundra,1.2,True
173,8,Lava,0.56,True
174,1,Barren,1.4,False
175,10,Lava,0.49,False
176,1,Desert,0.61,False
177,2,Craig,0.38,False
178,7,Barren,1.67,False
179,7,Temperate,0.9,True
180,9,Lava,0.58,False
181,9,Tundra,1.13,True
182,1,Desert,0.66,True
183,10,Toxic,0.68,False
184,4,Barren,0.86,False
185,6,Barren,0.98,False
186,5,Barren,1.81,False
187,2,Toxic,0.8,False
188,4,Temperate,0.97,True
189,8,Barren,1.39,False
190,7,Barren,1.88,False
191,4,Arctic,1.59,False
192,1,Arctic,1.9,False
193,6,Barren,1.95,False
194,3,Toxic,0.69,False
195,7,Barren,0.53,False
196,7,Barren,1.61,False
197,2,Forest,0.97,True
198,1,Craig,0.4,False
199,10,Barren,0.73,False
200,7,Barren,1.54,False
201,4,Arctic,1.87,False
202,5,Tundra,1.2,True
203,2,Toxic,0.61,False
204,2,Barren,0.93,False
205,8,Desert,0.83,True
206,10,Lava,0.49,False
207,9,Barren,1.92,False
208,9,Forest,1.0,True
209,10,Barren,1.69,False
210,5,Craig,0.97,True
211,9,Toxic,0.33,False
212,1,Lava,0.52,False
213,6,Barren,1.78,False
214,1,Barren,1.69,False
215,1,Barren,1.16,False
216,1,Barren,1.93,False
217,5,Lava,0.38,False
218,10,Barren,1.28,False
219,1,Barren,1.99,False
220,1,Barren,0.76,False
221,6,Barren,0.5,False
222,5,Barren,1.55,False
223,2,Craig,0.4,True
224,10,Toxic,0.38,False
225,3,Barren,0.39,False
226,6,Craig,1.24,True
227,4,Toxic,0.76,False
228,9,Barren,1.71,False
229,5,Barren,0.33,False
230,1,Barren,0.56,False
231,1,Barren,1.52,False
232,8,Arctic,1.54,False
233,9,Lava,0.46,False
234,6,Tundra,1.18,True
235,8,Arctic,1.29,False
236,4,Barren,1.9,False
237,9,Barren,0.64,False
238,8,Barren,1.13,False
239,2,Tundra,1.14,True
240,2,Barren,1.23,False
241,9,Arctic,1.56,False
242,1,Toxic,0.66,False
243,7,Toxic,0.66,False
244,6,Temperate,0.85,True
245,1,Forest,1.11,True
246,9,Barren,2.0,False
247,10,Barren,1.49,False
248,10,Barren,1.79,False
249,2,Desert,1.01,True
250,1,Barren,1.69,False
251,2,Barren,1.85,False
252,4,Barren,0.69,False
253,1,Craig,1.4,False
254,8,Barren,1.0,False
255,5,Craig,0.72,False
256,10,Barren,0.61,False
257,7,Ocean,1.1,True
258,6,Arctic,1.82,True
259,6,Barren,1.88,False
260,3,Arctic,1.68,False
261,6,Barren,1.56,False
262,6,Forest,0.97,True
263,10,Temperate,0.95,True
264,9,Desert,0.7,False
265,7,Archipelago,0.94,True
266,5,Barren,1.33,False
267,9,Barren,1.12,False
268,2,Arctic,1.31,False
269,10,Craig,0.45,True
270,7,Barren,1.6,False
271,4,Lava,0.4,True
272,1,Barren,1.79,False
273,8,Barren,1.43,False
274,3,Lava,0.52,False
275,3,Toxic,0.62,False
276,6,Barren,0.44,False
277,9,Craig,1.31,False
278,1,Archipelago,1.05,True
279,4,Barren,1.53,False
280,9,Desert,0.8,False
281,4,Barren,1.96,False
282,7,Craig,1.21,False
283,4,Barren,0.66,False
284,9,Lava,0.52,False
285,3,Arctic,1.94,False
286,2,Barren,1.89,False
287,1,Barren,1.51,False
288,6,Barren,1.74,False
289,2,Desert,0.69,False
290,7,Jungle,0.84,True
291,10,Desert,0.63,False
292,5,Tundra,1.18,True
293,8,Lava,0.54,False
294,9,Barren,1.64,False
295,2,Craig,1.34,False
296,4,Arctic,1.81,False
297,4,Craig,0.42,False
298,3,Lava,0.33,False
299,1,Barren,1.64,False
300,8,Toxic,0.66,False
301,8,Barren,1.83,False
302,10,Toxic,0.8,False
303,4,Lava,0.39,False
304,3,Toxic,0.68,False
305,2,Tundra,1.03,True
306,2,Lava,0.4,True
307,5,Barren,1.51,False
308,5,Barren,1.82,False
309,8,Arctic,1.32,False
310,1,Arctic,1.51,False
311,8,Barren,1.96,False
312,1,Barren,0.32,False
313,3,Craig,0.77,False
314,6,Arctic,1.96,False
315,7,Temperate,0.98,True
316,5,Barren,0.31,False
317,3,Temperate,0.83,True
318,5,Tundra,1.18,True
319,8,Arctic,1.17,False
320,4,Barren,1.42,False
321,7,Jungle,0.82,True
322,8,Barren,1.54,False
323,2,Barren,0.81,False
324,7,Barren,1.3,False
325,3,Barren,1.54,False
326,3,Barren,1.94,False
327,8,Lava,0.35,False
328,10,Barren,1.81,False
329,9,Barren,1.45,False
330,9,Jungle,1.1,True
331,10,Barren,1.33,False
332,9,Barren,1.88,False
333,1,Barren,1.74,False
334,9,Barren,1.44,False
335,9,Lava,0.58,False
336,3,Barren,0.98,False
337,2,Barren,1.62,False
338,9,Arctic,1.84,False
339,7,Barren,1.47,False
340,3,Barren,1.25,False
341,1,Barren,1.46,False
342,4,Arctic,1.89,False
343,3,Lava,0.67,False
344,7,Archipelago,1.03,True
345,8,Barren,1.76,False
346,3,Barren,1.91,False
347,5,Lava,0.57,False
348,4,Barren,1.76,False
349,3,Barren,1.82,False
350,1,Craig,0.73,True
351,10,Arctic,1.46,False
352,5,Ocean,1.18,True
353,9,Barren,1.43,False
354,4,Barren,1.43,False
355,1,Arctic,1.48,False
356,10,Arctic,1.87,False
357,5,Barren,1.65,False
358,10,Lava,0.38,False
359,2,Arctic,1.27,False
360,6,Arctic,1.33,False
361,3,Tundra,1.39,True
362,8,Barren,1.3,False
363,3,Craig,0.6,False
364,4,Lava,0.6,False
365,3,Barren,1.5,False
366,1,Jungle,1.02,True
367,10,Barren,1.65,False
368,2,Lava,0.75,False
369,2,Arctic,1.3,True
370,3,Arctic,1.17,False
371,7,Lava,0.54,False
372,2,Arctic,1.31,False
373,4,Desert,0.69,False
374,2,Barren,1.55,False
375,7,Forest,0.93,True
376,6,Desert,0.63,True
377,8,Arctic,1.26,False
378,1,Barren,1.39,False
379,1,Craig,0.84,False
380,5,Lava,0.34,False
381,7,Barren,0.53,False
382,2,Lava,0.56,True
383,2,Barren,1.66,False
384,2,Barren,1.54,False
385,1,Lava,0.48,False
386,7,Forest,0.9,True
387,8,Barren,1.75,False
388,8,Barren,0.58,False
389,2,Lava,0.5,False
390,3,Forest,1.03,True
391,8,Forest,0.95,True
392,9,Barren,1.3,False
393,7,Forest,1.08,True
394,5,Barren,1.33,False
395,9,Barren,1.96,False
396,1,Barren,1.72,False
397,2,Lava,0.39,False
398,9,Arctic,1.44,False
399,4,Barren,1.81,False
400,7,Craig,0.5,False
401,3,Barren,1.59,False
402,9,Barren,1.15,False
403,8,Toxic,0.47,False
404,9,Craig,0.78,False
405,2,Barren,1.4,False
406,3,Craig,0.43,False
407,4,Barren,1.62,False
408,2,Arctic,1.21,False
409,5,Desert,0.85,False
410,3,Temperate,0.96,True
411,7,Barren,1.43,False
412,2,Desert,0.75,True
413,7,Desert,0.92,False
414,1,Barren,0.47,False
415,8,Lava,0.44,False
416,2,Craig,0.66,False
417,1,Desert,0.86,False
418,1,Barren,1.38,False
419,8,Lava,0.38,False
420,2,Arctic,1.17,False
421,5,Arctic,1.5,False
422,6,Barren,1.91,False
423,9,Lava,0.74,False
424,8,Barren,1.66,False
425,6,Desert,0.85,True
426,10,Barren,0.56,False
427,8,Barren,1.08,False
428,4,Forest,0.92,True
429,1,Archipelago,1.0,True
430,6,Lava,0.74,False
431,9,Toxic,0.71,False
432,4,Barren,1.31,False
433,10,Barren,1.69,False
434,8,Arctic,1.69,False
435,1,Barren,1.15,False
436,7,Arctic,1.62,False
437,2,Arctic,1.43,False
438,6,Barren,1.53,False
439,7,Craig,0.47,False
440,9,Toxic,0.6,False
441,3,Desert,0.76,False
442,10,Arctic,1.41,False
443,6,Barren,1.22,False
444,6,Barren,1.75,False
445,2,Barren,1.89,False
446,8,Lava,0.44,False
447,1,Arctic,1.84,False
448,2,Craig,0.6,False
449,8,Barren,0.4,False
450,3,Barren,1.79,False
451,7,Craig,0.38,False
452,9,Barren,1.36,False
453,8,Lava,0.62,False
454,10,Barren,1.94,False
455,4,Ocean,1.15,True
456,3,Craig,1.37,False
457,5,Arctic,1.23,False
458,2,Lava,0.58,False
459,1,Barren,1.69,False
460,1,Barren,1.9,False
461,10,Forest,1.04,True
462,10,Arctic,1.2,False
463,6,Lava,0.49,False
464,2,Forest,0.83,True
465,7,Desert,0.81,False
466,9,Tundra,1.15,True
467,3,Arctic,1.6,False
468,10,Jungle,1.01,True
469,3,Craig,0.83,False
470,2,Barren,1.92,False
471,3,Temperate,1.06,True
472,9,Toxic,0.68,False
473,7,Craig,0.35,False
474,5,Ocean,0.92,True
475,3,Arctic,1.99,False
476,5,Tundra,1.2,True
477,9,Arctic,1.92,False
478,6,Barren,1.15,False
479,6,Craig,0.4,False
480,7,Barren,0.84,False
481,6,Lava,0.62,False
482,2,Temperate,1.1,True
483,4,Barren,1.31,False
484,4,Barren,1.23,False
485,6,Barren,1.53,False
486,8,Barren,1.62,False
487,6,Barren,0.49,False
488,3,Toxic,0.89,False
489,10,Toxic,0.63,False
490,9,Lava,0.48,False
491,2,Toxic,0.8,False
492,2,Craig,0.75,False
493,9,Barren,1.3,False
494,2,Arctic,1.12,False
495,3,Barren,0.44,False
496,6,Lava,0.54,False
497,8,Arctic,1.8,False
498,5,Barren,0.34,False
499,1,Barren,1.95,False
500,2,Arctic,1.72,False
501,6,Arctic,1.98,False
502,6,Barren,1.81,False
503,8,Barren,0.32,False
504,2,Arctic,1.83,False
505,8,Forest,1.06,True
506,6,Barren,0.31,False
507,1,Barren,1.74,False
508,4,Desert,0.67,False
509,6,Lava,0.56,False
510,6,Desert,0.79,True
511,2,Barren,1.85,False
512,6,Barren,0.81,False
513,3,Forest,0.85,True
514,3,Barren,1.3,False
515,4,Craig,0.3,False
516,6,Barren,1.06,False
517,3,Barren,1.44,False
518,9,Craig,1.36,False
519,5,Craig,0.73,False
520,4,Ocean,0.91,True
521,6,Barren,1.85,False
522,3,Barren,1.45,False
523,2,Barren,1.76,False
524,5,Arctic,1.97,False
525,1,Craig,0.43,False
526,9,Arctic,1.88,False
527,1,Toxic,0.49,False
528,2,Barren,1.85,False
529,8,Tundra,1.19,True
530,3,Barren,1.85,False
531,6,Arctic,1.97,False
532,6,Barren,0.77,False
533,1,Barren,1.9,False
534,10,Temperate,0.95,True
535,5,Arctic,2.0,True
536,9,Barren,0.67,False
537,7,Desert,0.83,False
538,2,Temperate,1.09,True
539,10,Craig,0.69,False
540,9,Toxic,0.32,False
541,5,Craig,0.7,False
542,1,Arctic,1.39,False
543,2,Craig,0.58,False
544,7,Arctic,1.76,False
545,4,Barren,1.77,False
546,10,Barren,0.84,False
547,4,Craig,0.6,False
548,8,Barren,0.73,False
549,1,Toxic,0.57,False
550,6,Barren,1.18,False
551,9,Desert,0.84,False
552,7,Arctic,1.26,False
553,6,Barren,1.8,False
554,6,Barren,0.46,False
555,6,Barren,1.42,False
556,10,Barren,1.95,False
557,9,Toxic,0.66,False
558,10,Desert,0.96,False
559,2,Toxic,0.72,False
560,9,Craig,0.44,False
561,1,Toxic,0.56,False
562,6,Archipelago,1.01,True
563,1,Lava,0.39,False
564,5,Toxic,0.89,False
565,9,Tundra,1.19,True
566,4,Tundra,1.12,True
567,5,Arctic,1.73,False
568,9,Forest,1.05,True
569,3,Arctic,1.87,False
570,4,Lava,0.38,False
571,2,Craig,0.96,False
572,9,Craig,0.78,False
573,7,Lava,0.33,False
574,9,Toxic,0.67,False
575,2,Barren,0.99,False
576,6,Barren,1.18,False
577,10,Barren,1.98,False
578,8,Ocean,1.04,True
579,8,Toxic,0.75,False
580,4,Barren,1.61,False
581,7,Barren,1.66,False
582,3,Barren,0.92,False
583,9,Craig,0.61,False
584,7,Toxic,0.38,False
585,8,Craig,1.26,False
586,6,Jungle,1.09,True
587,6,Barren,0.8,False
588,5,Arctic,1.3,False
589,9,Barren,2.0,False
590,2,Barren,1.93,False
591,1,Arctic,1.45,False
592,9,Barren,1.66,False
593,1,Barren,1.75,False
594,8,Barren,1.64,False
595,7,Craig,0.55,False
596,6,Archipelago,1.06,True
597,1,Craig,0.64,True
598,9,Barren,1.1,False
599,8,Toxic,0.69,False
600,2,Temperate,0.87,True
601,5,Lava,0.79,False
602,2,Barren,0.66,False
603,3,Arctic,1.87,False
604,9,Barren,1.72,False
605,1,Barren,1.49,False
606,2,Barren,1.33,False
607,5,Barren,0.61,False
608,4,Lava,0.37,False
609,6,Desert,0.8,False
610,10,Barren,1.07,False
611,1,Barren,0.56,False
612,1,Craig,0.68,True
613,9,Arctic,1.23,False
614,3,Desert,0.82,False
615,2,Barren,1.98,False
616,6,Barren,1.61,False
617,5,Barren,0.46,False
618,7,Desert,0.96,False
619,7,Archipelago,0.98,True
620,8,Barren,1.49,False
621,10,Forest,1.1,True
622,7,Barren,1.28,False
623,4,Arctic,1.77,True
624,10,Barren,1.92,False
625,2,Lava,0.52,False
626,2,Barren,1.36,False
627,6,Forest,1.13,True
628,6,Arctic,2.0,False
629,6,Barren,1.28,False
630,6,Arctic,1.63,False
631,10,Craig,0.73,False
632,8,Barren,1.25,False
633,4,Barren,0.75,False
634,8,Craig,0.38,False
635,10,Desert,0.61,False
636,5,Jungle,1.02,True
637,3,Barren,0.64,False
638,9,Barren,1.67,False
639,4,Barren,1.85,False
640,4,Barren,1.6,False
641,4,Toxic,0.64,False
642,5,Archipelago,1.07,True
643,4,Forest,1.0,True
644,9,Toxic,0.73,False
645,8,Arctic,1.4,False
646,7,Lava,0.54,False
647,6,Arctic,1.97,False
648,10,Tundra,1.24,True
649,6,Barren,0.47,False
650,8,Temperate,0.81,True
651,1,Barren,1.83,False
652,9,Arctic,1.95,True
653,10,Barren,1.15,False
654,4,Craig,0.52,False
655,1,Arctic,1.61,False
656,3,Temperate,1.06,True
657,6,Lava,0.5,False
658,6,Barren,1.22,False
659,9,Barren,1.59,False
660,4,Barren,1.91,False
661,2,Lava,0.72,False
662,6,Toxic,0.4,False
663,7,Ocean,0.95,True
664,1,Arctic,1.39,False
665,7,Barren,1.59,False
666,2,Barren,1.19,False
667,5,Barren,1.29,False
668,9,Barren,1.25,False
669,10,Barren,0.59,False
670,7,Ocean,0.94,True
671,9,Archipelago,1.18,True
672,9,Barren,1.66,False
673,2,Desert,0.78,False
674,2,Arctic,1.86,False
675,4,Desert,0.75,False
676,9,Forest,1.05,True
677,10,Tundra,1.35,True
678,2,Barren,1.97,False
679,9,Lava,0.38,False
680,3,Arctic,1.62,True
681,5,Barren,1.89,False
682,4,Arctic,1.89,False
683,9,Barren,1.26,False
684,9,Barren,1.84,False
685,1,Toxic,0.76,False
686,4,Barren,1.55,False
687,5,Craig,0.5,False
688,5,Ocean,1.02,True
689,9,Desert,0.77,False
690,7,Arctic,1.45,False
691,4,Lava,0.39,False
692,6,Lava,0.46,False
693,7,Barren,0.38,False
694,1,Lava,0.45,False
695,9,Temperate,0.83,True
696,5,Arctic,1.48,False
697,10,Arctic,1.39,False
698,9,Arctic,1.51,False
699,4,Desert,1.04,False
700,2,Barren,1.39,False
701,3,Toxic,0.75,False
702,5,Barren,1.31,False
703,9,Craig,0.68,False
704,6,Barren,0.91,False
705,6,Craig,0.91,False
706,10,Barren,1.9,False
707,1,Craig,0.31,True
708,9,Barren,1.29,False
709,4,Lava,0.6,False
710,8,Arctic,1.14,False
711,9,Arctic,1.78,False
712,10,Barren,0.3,False
713,8,Barren,1.69,False
714,5,Barren,1.68,False
715,4,Lava,0.54,False
716,3,Barren,1.77,False
717,10,Barren,1.54,False
718,10,Craig,0.66,False
719,6,Desert,1.08,False
720,8,Barren,1.63,False
721,8,Barren,0.41,False
722,2,Barren,1.07,False
723,3,Barren,1.49,False
724,5,Lava,0.42,False
725,7,Forest,1.05,True
726,8,Arctic,1.27,False
727,4,Lava,0.49,False
728,7,Craig,0.73,False
729,9,Lava,0.3,True
730,6,Barren,1.19,False
731,1,Barren,1.37,False
732,6,Barren,1.58,False
733,2,Arctic,1.76,False
734,3,Barren,1.48,False
735,4,Lava,0.56,False
736,7,Barren,1.54,False
737,1,Craig,0.7,False
738,10,Barren,1.99,False
739,10,Toxic,0.47,False
740,3,Lava,0.75,False
741,8,Desert,0.61,False
742,6,Barren,1.9,False
743,5,Barren,1.59,False
744,5,Barren,1.79,False
745,2,Craig,0.53,False
746,4,Barren,1.75,False
747,1,Craig,0.51,False
748,9,Barren,1.75,False
749,7,Barren,1.68,False
750,3,Craig,0.35,False
751,9,Barren,1.79,False
752,6,Desert,0.63,False
753,3,Lava,0.52,False
754,9,Toxic,0.71,False
755,10,Barren,1.42,False
756,9,Arctic,1.84,False
757,9,Barren,1.9,False
758,1,Toxic,0.59,False
759,5,Archipelago,0.97,True
760,7,Arctic,1.74,False
761,5,Ocean,1.14,True
762,2,Forest,1.11,True
763,8,Desert,0.95,False
764,9,Arctic,1.99,False
765,3,Barren,1.77,False
766,6,Arctic,1.56,False
767,8,Barren,1.35,False
768,5,Barren,1.68,False
769,10,Craig,0.72,True
770,5,Barren,0.81,False
771,2,Lava,0.36,False
772,10,Barren,1.44,False
773,6,Tundra,1.4,True
774,4,Temperate,1.03,True
775,8,Arctic,1.37,False
776,6,Barren,1.62,False
777,2,Barren,1.8,False
778,4,Barren,1.62,False
779,6,Barren,0.51,False
780,9,Barren,1.47,False
781,6,Jungle,1.09,True
782,2,Barren,1.1,False
783,8,Desert,0.9,False
784,5,Barren,1.98,False
785,3,Lava,0.52,False
786,9,Desert,0.74,False
787,1,Arctic,1.98,False
788,4,Barren,0.55,False
789,3,Temperate,0.95,True
790,10,Barren,0.75,False
791,6,Barren,1.69,False
792,10,Craig,0.98,True
793,8,Barren,1.27,False
794,1,Barren,1.8,False
795,1,Lava,0.49,False
796,7,Barren,1.55,False
797,8,Barren,1.81,False
798,5,Arctic,1.74,False
799,9,Barren,1.01,False
800,8,Lava,0.39,False
801,7,Temperate,0.85,True
802,1,Desert,0.84,True
803,9,Desert,0.9,False
804,9,Barren,1.56,False
805,3,Barren,1.42,False
806,2,Barren,1.61,False
807,1,Jungle,0.89,True
808,6,Barren,0.42,False
809,7,Tundra,1.38,True
810,4,Barren,1.98,False
811,9,Lava,0.57,False
812,7,Barren,1.91,False
813,7,Barren,1.8,False
814,4,Toxic,0.68,False
815,10,Barren,1.88,False
816,5,Barren,1.29,False
817,8,Forest,1.2,True
818,2,Lava,0.37,False
819,8,Tundra,1.2,True
820,8,Barren,0.35,False
821,9,Craig,0.48,False
822,10,Craig,0.6,False
823,10,Craig,0.75,True
824,2,Barren,1.75,False
825,3,Lava,0.49,False
826,7,Craig,0.75,False
827,5,Barren,1.16,False
828,7,Barren,1.74,False
829,8,Craig,0.39,False
830,4,Barren,1.1,False
831,1,Barren,1.79,False
832,4,Barren,1.89,False
833,5,Craig,1.25,True
834,5,Barren,0.71,False
835,3,Tundra,1.3,True
836,1,Barren,1.69,False
837,9,Arctic,1.66,False
838,4,Arctic,1.57,False
839,4,Barren,1.51,False
840,6,Toxic,0.77,False
841,2,Arctic,1.73,False
842,8,Craig,0.89,False
843,8,Barren,1.82,False
844,6,Arctic,1.56,False
845,2,Barren,1.49,False
846,1,Barren,1.11,False
847,1,Barren,1.7,False
848,7,Arctic,1.7,True
849,8,Barren,1.86,False
850,9,Barren,1.17,False
851,10,Temperate,0.94,True
852,10,Barren,1.8,False
853,6,Arctic,1.86,False
854,5,Ocean,1.19,True
855,10,Barren,1.84,False
856,2,Barren,1.79,False
857,7,Craig,0.7,False
858,5,Barren,1.97,False
859,1,Barren,1.51,False
860,1,Arctic,1.64,False
861,10,Lava,0.31,False
862,2,Lava,0.42,False
863,6,Barren,0.9,False
864,7,Barren,1.03,False
865,2,Jungle,0.93,True
866,3,Arctic,1.53,False
867,6,Archipelago,1.09,True
868,9,Barren,1.75,False
869,6,Arctic,1.26,False
870,5,Barren,1.88,False
871,1,Forest,0.93,True
872,1,Arctic,1.94,False
873,5,Barren,1.55,False
874,10,Barren,1.47,False
875,1,Barren,1.42,False
876,8,Barren,1.96,False
877,9,Barren,0.6,False
878,10,Barren,1.71,False
879,6,Desert,0.65,False
880,4,Barren,1.14,False
881,5,Barren,0.63,False
882,8,Barren,1.7,False
883,10,Toxic,0.8,False
884,10,Arctic,1.35,False
885,2,Barren,1.65,False
886,9,Barren,0.66,False
887,9,Barren,1.23,False
888,2,Barren,1.91,False
889,3,Barren,1.57,False
890,2,Barren,1.95,False
891,2,Temperate,1.02,True
892,4,Barren,1.86,False
893,9,Barren,0.54,False
894,5,Barren,1.28,False
895,10,Craig,0.46,False
896,4,Barren,1.37,False
897,2,Lava,0.6,False
898,6,Lava,0.32,False
899,8,Arctic,1.75,False
900,4,Arctic,1.82,False
901,5,Toxic,0.8,False
902,8,Craig,0.66,False
903,2,Craig,0.78,False
904,1,Barren,1.24,False
905,2,Barren,1.58,False
906,8,Desert,0.87,False
907,5,Barren,1.64,False
908,4,Jungle,1.04,True
909,7,Desert,0.63,False
910,6,Toxic,0.63,False
911,6,Barren,1.38,False
912,4,Lava,0.65,False
913,3,Desert,0.89,False
914,1,Desert,1.0,False
915,3,Toxic,0.69,False
916,6,Barren,1.76,False
917,2,Barren,1.84,False
918,7,Craig,0.45,True
919,2,Barren,1.12,False
920,2,Barren,0.91,False
921,7,Arctic,2.0,False
922,5,Barren,1.62,False
923,3,Craig,0.31,False
924,4,Barren,1.49,False
925,5,Desert,0.94,False
926,3,Lava,0.53,False
927,1,Toxic,0.77,False
928,10,Barren,1.86,False
929,1,Jungle,0.92,True
930,10,Barren,1.73,False
931,5,Ocean,1.14,True
932,8,Barren,1.57,False
933,6,Barren,1.63,False
934,5,Barren,1.95,False
935,2,Arctic,1.84,True
936,3,Desert,1.01,False
937,6,Toxic,0.88,False
938,1,Desert,0.8,True
939,4,Arctic,1.34,False
940,3,Barren,1.34,False
941,3,Barren,1.43,False
942,3,Lava,0.53,False
943,3,Jungle,0.96,True
944,8,Toxic,0.36,False
945,5,Arctic,1.81,False
946,2,Tundra,1.19,True
947,8,Toxic,0.6,False
948,8,Lava,0.57,False
949,9,Temperate,1.07,True
950,1,Toxic,0.61,False
951,7,Barren,1.39,False
952,4,Lava,0.35,False
953,4,Craig,0.82,False
954,7,Arctic,1.17,False
955,8,Tundra,1.22,True
956,8,Toxic,0.69,False
957,7,Toxic,0.54,False
958,5,Barren,1.69,False
959,6,Barren,0.94,False
960,7,Barren,1.88,False
961,8,Barren,1.21,False
962,7,Barren,0.82,False
963,2,Arctic,1.34,False
964,2,Barren,1.28,False
965,2,Barren,1.36,False
966,4,Barren,1.37,False
967,6,Barren,1.79,False
968,7,Toxic,0.74,False
969,8,Craig,0.6,True
970,3,Lava,0.44,False
971,7,Barren,1.25,False
972,5,Craig,1.0,False
973,2,Barren,1.19,False
974,4,Arctic,1.33,False
975,10,Barren,0.84,False
976,2,Barren,1.98,False
977,10,Barren,1.18,False
978,10,Archipelago,1.17,True
979,8,Arctic,1.42,False
980,2,Craig,0.68,False
981,6,Barren,1.88,False
982,4,Craig,0.45,False
983,2,Lava,0.6,False
984,8,Barren,1.95,False
985,5,Desert,0.82,False
986,10,Barren,1.32,False
987,8,Temperate,0.98,True
988,3,Barren,1.75,False
989,3,Toxic,0.53,False
990,1,Lava,0.45,False
991,1,Forest,0.95,True
992,2,Lava,0.52,False
993,7,Barren,1.52,False
994,2,Barren,1.38,False
995,2,Barren,1.85,False
996,1,Tundra,1.15,True
997,9,Lava,0.34,False
998,7,Tundra,1.17,True
999,6,Arctic,1.39,False
1000,1,Arctic,1.77,True
1001,1,Arctic,1.9,False
1002,6,Toxic,0.83,False
1003,3,Barren,1.95,False
1004,5,Barren,1.63,False
1005,8,Desert,0.9,False
1006,6,Arctic,1.49,False
1007,7,Lava,0.4,False
1008,6,Barren,1.79,False
1009,7,Desert,0.91,True
1010,8,Arctic,1.68,False
1011,6,Jungle,0.82,True
1012,10,Barren,1.86,False
1013,8,Arctic,1.12,False
1014,3,Barren,1.4,False
1015,8,Arctic,1.99,False
1016,9,Barren,1.28,False
1017,4,Tundra,1.04,True
1018,2,Temperate,0.97,True
1019,7,Barren,1.57,False
1020,2,Barren,0.3,False
1021,9,Lava,0.48,False
1022,2,Craig,0.35,False
1023,8,Lava,0.44,False
1024,4,Arctic,1.59,False
1025,8,Craig,0.37,False
1026,7,Arctic,1.5,True
1027,8,Desert,0.99,False
1028,2,Arctic,1.39,False
1029,3,Barren,1.98,False
1030,9,Craig,0.3,True
1031,10,Barren,1.82,False
1032,8,Barren,1.27,False
1033,9,Desert,0.81,False
1034,4,Arctic,1.31,False
1035,10,Barren,1.97,False
1036,10,Arctic,1.83,False
1037,8,Barren,0.83,False
1038,5,Lava,0.47,False
1039,4,Archipelago,0.97,True
1040,1,Arctic,1.62,False
1041,10,Lava,0.57,False
1042,2,Barren,1.55,False
1043,8,Barren,1.56,False
1044,7,Tundra,1.39,True
1045,10,Barren,1.25,False
1046,7,Barren,1.73,False
1047,4,Jungle,1.04,True
1048,2,Barren,1.97,False
1049,3,Archipelago,1.06,True
1050,7,Lava,0.48,True
1051,4,Lava,0.37,False
1052,5,Barren,0.38,False
1053,1,Barren,1.97,False
1054,2,Barren,0.3,False
1055,2,Lava,0.71,False
1056,2,Barren,1.47,False
1057,4,Arctic,1.85,False
1058,6,Tundra,1.37,True
1059,4,Archipelago,1.12,True
1060,8,Barren,1.63,False
1061,8,Toxic,0.73,False
1062,6,Craig,0.37,False
1063,7,Barren,0.94,False
1064,8,Barren,1.98,False
1065,9,Barren,1.12,False
1066,2,Barren,0.74,False
1067,10,Lava,0.42,False
1068,5,Arctic,1.54,False
1069,6,Barren,1.14,False
1070,1,Arctic,1.93,False
1071,8,Arctic,1.29,False
1072,3,Arctic,1.68,False
1073,4,Desert,0.82,True
1074,7,Barren,1.0,False
1075,3,Lava,0.36,False
1076,2,Barren,1.45,False
1077,5,Barren,1.2,False
1078,8,Barren,0.99,False
1079,5,Arctic,1.35,False
1080,5,Barren,0.59,False
1081,3,Arctic,1.86,False
1082,7,Barren,1.67,False
1083,7,Toxic,0.65,False
1084,7,Craig,0.53,False
1085,5,Archipelago,0.99,True
1086,6,Barren,0.5,False
1087,3,Craig,0.79,False
1088,10,Barren,0.39,False
1089,7,Barren,0.78,False
1090,5,Arctic,1.38,False
1091,4,Arctic,1.88,True
1092,8,Arctic,1.6,False
1093,5,Forest,1.06,True
1094,6,Arctic,1.35,False
1095,6,Barren,1.67,False
1096,9,Barren,1.92,False
1097,5,Craig,1.31,False
1098,3,Archipelago,1.14,True
1099,8,Ocean,1.05,True
1100,4,Barren,1.27,False
1101,6,Barren,1.7,False
1102,3,Desert,1.1,False
1103,1,Arctic,1.51,False
1104,2,Barren,1.37,False
1105,8,Toxic,0.56,False
1106,3,Barren,1.88,False
1107,3,Lava,0.59,False
1108,6,Ocean,1.17,True
1109,1,Barren,1.98,False
1110,1,Barren,1.79,False
1111,8,Arctic,1.55,False
1112,10,Craig,0.63,False
1113,5,Barren,1.14,False
1114,3,Lava,0.35,False
1115,8,Archipelago,1.04,True
1116,10,Arctic,1.25,False
1117,1,Barren,0.39,False
1118,2,Barren,1.66,False
1119,6,Barren,0.43,False
1120,6,Barren,1.9,False
1121,4,Arctic,1.86,True
1122,8,Forest,1.11,True
1123,3,Desert,0.78,False
1124,5,Arctic,1.38,False
1125,9,Craig,0.78,False
1126,7,Desert,0.95,False
1127,6,Craig,0.89,True
1128,3,Barren,0.35,False
1129,6,Barren,1.23,False
1130,2,Temperate,1.08,True
1131,10,Barren,1.43,False
1132,1,Lava,0.4,False
1133,1,Toxic,0.52,False
1134,8,Tundra,1.02,True
1135,3,Barren,1.5,False
1136,4,Barren,0.88,False
1137,6,Craig,0.65,False
1138,1,Forest,1.0,True
1139,2,Lava,0.68,False
1140,8,Barren,1.77,False
1141,8,Barren,0.56,False
1142,6,Craig,0.46,False
1143,8,Temperate,1.0,True
1144,8,Arctic,1.96,False
1145,7,Barren,1.3,False
1146,5,Ocean,1.1,True
1147,1,Desert,0.8,False
1148,3,Barren,1.1,False
1149,8,Arctic,1.92,False
1150,9,Arctic,1.21,False
1151,7,Archipelago,1.13,True
1152,8,Arctic,1.65,False
1153,7,Desert,0.81,False
1154,7,Barren,0.73,False
1155,9,Barren,1.96,False
1156,5,Craig,0.7,False
1157,6,Barren,1.3,False
1158,10,Craig,0.74,False
1159,3,Temperate,1.09,True
1160,8,Craig,0.62,False
1161,10,Barren,2.0,False
1162,9,Barren,2.0,False
1163,6,Barren,1.31,False
1164,4,Craig,0.62,False
1165,4,Desert,0.65,False
1166,2,Toxic,0.73,False
1167,8,Tundra,1.38,True
1168,1,Forest,1.01,True
1169,1,Toxic,0.71,False
1170,3,Barren,0.74,False
1171,4,Lava,0.5,False
1172,7,Barren,1.67,False
1173,2,Craig,1.38,True
1174,2,Barren,1.81,False
1175,3,Toxic,0.7,False
1176,1,Arctic,1.84,False
1177,6,Lava,0.43,False
1178,7,Arctic,1.35,False
1179,9,Barren,1.6,False
1180,2,Barren,1.39,False
1181,3,Barren,0.53,False
1182,7,Forest,0.9,True
1183,5,Barren,1.23,False
1184,10,Toxic,0.8,False
1185,9,Lava,0.62,False
1186,9,Barren,1.77,False
1187,8,Barren,1.28,False
1188,7,Arctic,1.4,False
1189,3,Barren,0.93,False
1190,5,Temperate,1.1,True
1191,10,Archipelago,0.94,True
1192,8,Barren,1.96,False
1193,5,Tundra,1.39,True
1194,3,Barren,1.45,False
1195,8,Forest,1.18,True
1196,4,Barren,1.6,False
1197,7,Barren,1.51,False
1198,3,Arctic,1.77,False
1199,8,Barren,1.97,False
1200,1,Barren,0.78,False
1201,5,Arctic,1.44,False
1202,1,Desert,0.66,False
1203,3,Jungle,0.91,True
1204,9,Barren,1.94,False
1205,9,Barren,1.91,False
1206,8,Craig,1.27,False
1207,8,Barren,0.98,False
1208,7,Desert,0.77,False
1209,9,Arctic,1.74,False
1210,7,Barren,1.32,False
1211,2,Barren,1.04,False
1212,8,Barren,1.93,False
1213,2,Arctic,1.94,False
1214,3,Desert,0.78,False
1215,9,Barren,0.68,False
1216,2,Barren,1.3,False
1217,3,Craig,0.75,False
1218,5,Toxic,0.71,False
1219,4,Barren,1.12,False
1220,4,Barren,0.72,False
1221,2,Desert,0.9,False
1222,2,Barren,1.83,False
1223,3,Barren,0.77,False
1224,6,Jungle,1.05,True
1225,3,Forest,1.11,True
1226,8,Toxic,0.63,False
1227,4,Craig,0.65,False
1228,2,Craig,0.55,False
1229,3,Craig,0.57,False
1230,9,Barren,1.49,False
1231,9,Arctic,1.87,False
1232,6,Lava,0.39,False
1233,7,Forest,0.86,True
1234,5,Barren,1.7,False
1235,8,Craig,0.43,False
1236,1,Lava,0.3,True
1237,5,Barren,1.56,False
1238,4,Lava,0.39,False
1239,1,Barren,1.84,False
1240,9,Craig,1.27,False
1241,6,Barren,1.83,False
1242,2,Lava,0.41,False
1243,9,Arctic,1.6,False
1244,3,Toxic,0.54,False
1245,7,Barren,1.07,False
1246,10,Lava,0.52,False
1247,7,Barren,0.35,False
1248,1,Barren,1.77,False
1249,10,Tundra,1.19,True
1250,1,Arctic,1.75,False
1251,6,Barren,1.85,False
1252,2,Forest,1.04,True
1253,7,Lava,0.48,False
1254,3,Desert,0.81,False
1255,5,Barren,1.5,False
1256,8,Barren,1.44,False
1257,2,Toxic,0.77,False
1258,4,Forest,0.85,True
1259,9,Barren,0.97,False
1260,4,Arctic,1.19,False
1261,8,Toxic,0.54,False
1262,4,Lava,0.4,False
1263,7,Barren,1.82,False
1264,1,Barren,1.84,False
1265,5,Barren,0.35,False
1266,10,Archipelago,1.16,True
1267,8,Barren,1.67,False
1268,4,Arctic,1.7,False
